task_checkpoint,expert_id,norm_A,norm_B,norm_bias
0,0,5.766602709816117,3.104668512793855,0.20201116184856585
1,0,5.67392566222824,3.054772481359731,0.19876453400372385
1,1,8.591000654680798,4.395625126647622,0.395366550461476
2,0,5.4885077596058585,2.9549458024836794,0.1922691765517053
2,1,8.310255930880928,4.251980855005439,0.3824465809691448
2,2,9.878383817241767,6.255746722807459,0.5642130208149606
3,0,5.362257588182642,2.886974088957603,0.1878465344099573
3,1,8.119097733630948,4.154173874749148,0.37364933260236005
3,2,9.651154371132936,6.111847698908397,0.5512346578133533
3,3,8.672223896877961,5.184077503967321,0.43895556243296574
4,0,5.150174596058321,2.772791403872361,0.1804169619840743
4,1,7.79797924990607,3.989871951097474,0.35887103170134727
4,2,9.269441561580498,5.870117772619066,0.5294329236471881
4,3,8.329228662645278,4.9790420173502525,0.4215943759574812
4,4,9.524839743945629,6.648406674101245,0.5528083117229282
5,0,5.120196225263668,2.7566513441595535,0.17936675322378515
5,1,7.752588270583475,3.966647553955613,0.3567820871434
5,2,9.215485502359858,5.83594872225917,0.5263513398350337
5,3,8.280745325365254,4.950059660300065,0.419140314286371
5,4,9.469396934189293,6.6097070450489515,0.5495905677971732
5,5,7.452167749411128,3.065147672819516,0.25885878579041444
6,0,5.03952278430289,2.713217628857513,0.17654066416122946
6,1,7.630438979289882,3.9041491485187816,0.35116071389516906
6,2,9.070286395078906,5.743997628333258,0.5180580642010139
6,3,8.15027421054115,4.872066644895439,0.41253632810581964
6,4,9.320197601121745,6.505564747597749,0.5409312216147721
6,5,7.334751841774979,3.0168532740099803,0.2547802143836022
6,6,8.146941705129953,4.486055375663206,0.49106565700073873
7,0,4.8315365969098805,2.6012404995404625,0.1692546532577064
7,1,7.315522897717484,3.743020952448812,0.3366680018565261
7,2,8.695946443245862,5.506937083549846,0.49667714324238393
7,3,7.813904334689004,4.670991529182675,0.3955104990782562
7,4,8.935543806565388,6.237073607947551,0.5186064189730938
7,5,7.032039369142556,2.8923446668439037,0.2442651627565853
7,6,7.810709175852243,4.3009114418974095,0.4707988938699618
7,7,9.54810215169644,6.764374240182438,0.6124335007037821
8,0,4.769526997907213,2.567855275111375,0.16708239173780456
8,1,7.221632840080047,3.6949817501449576,0.33234689507094584
8,2,8.584340038027007,5.43625887817572,0.49030254221230385
8,3,7.713617746019602,4.611042499683832,0.3904344189545254
8,4,8.820861853359885,6.157024857834541,0.5119505114262752
8,5,6.941787713538351,2.855223271702734,0.2411302064811951
8,6,7.710463740241108,4.245711995535596,0.46475633042955755
8,7,9.425558474105923,6.677557899405906,0.6045732367763657
8,8,7.762362959783909,3.8256172965305426,0.32677936649001604
9,0,4.5480704571267285,2.448625659886539,0.1593245108316655
9,1,6.886321001689138,3.5234177818428547,0.31691549894686366
9,2,8.185755587524506,5.183844815752047,0.46753701618858723
9,3,7.355462271291966,4.396944426128751,0.3723059429696964
9,4,8.411295142623075,5.871144309114892,0.4881796897678715
9,5,6.619469385433162,2.722650721043592,0.22993416640652314
9,6,7.352454460752724,4.048576914092677,0.44317703514367257
9,7,8.987914666861522,6.367508217422163,0.5765018933988032
9,8,7.401944321295938,3.647987876804567,0.3116064445383924
9,9,9.240826291267858,6.388957002212175,0.7627587347190936
